{
    "AttackComboA2": {
        "AttackDuration": 0.20000000298023224,
        "ControlPoint_0": [
            -0.800000011920929,
            -0.6200000047683716,
            0.0
        ],
        "ControlPoint_1": [
            -0.6000000238418579,
            -0.6000000238418579,
            0.3499999940395355
        ],
        "ControlPoint_2": [
            -0.17000000178813934,
            -0.10000000149011612,
            0.8299999833106995
        ],
        "ControlPoint_3": [
            0.30000001192092896,
            0.4000000059604645,
            1.1399999856948853
        ],
        "ControlPoint_4": [
            0.6800000071525574,
            0.8700000047683716,
            1.3700000047683716
        ],
        "ControlPoint_5": [
            1.0,
            1.0,
            1.5
        ],
        "Damage": 1.0,
        "DrawDebugControlPoints": false,
        "KnockBackSpeed": [
            0.0,
            1.0,
            2.5
        ],
        "MoveSpeed": [
            0.0,
            0.0,
            2.0
        ],
        "NextAttackDelay": 0.4000000059604645,
        "PointCount": 6,
        "PostDelay": 0.07999999821186066,
        "PreDelay": 0.07999999821186066,
        "TotalDuration": 0.699999988079071
    }
}
