{
    "AttackComboB2": {
        "AttackDuration": 0.30000001192092896,
        "ControlPoint_0": [
            -0.6000000238418579,
            -0.30000001192092896,
            0.0
        ],
        "ControlPoint_1": [
            -0.5600000023841858,
            0.0,
            0.44999998807907104
        ],
        "ControlPoint_10": [
            0.05999999865889549,
            0.5799999833106995,
            1.0
        ],
        "ControlPoint_11": [
            0.4099999964237213,
            0.5600000023841858,
            1.0
        ],
        "ControlPoint_12": [
            0.8199999928474426,
            0.5400000214576721,
            1.0
        ],
        "ControlPoint_2": [
            -0.18000000715255737,
            0.30000001192092896,
            0.800000011920929
        ],
        "ControlPoint_3": [
            0.47999998927116394,
            0.6299999952316284,
            0.7400000095367432
        ],
        "ControlPoint_4": [
            0.5799999833106995,
            1.0,
            0.0
        ],
        "ControlPoint_5": [
            0.3199999928474426,
            1.0,
            -0.7300000190734863
        ],
        "ControlPoint_6": [
            -0.3400000035762787,
            1.0,
            -0.8999999761581421
        ],
        "ControlPoint_7": [
            -0.8100000023841858,
            1.0,
            -0.3499999940395355
        ],
        "ControlPoint_8": [
            -0.6100000143051147,
            0.7900000214576721,
            0.3400000035762787
        ],
        "ControlPoint_9": [
            -0.33000001311302185,
            0.6000000238418579,
            0.9200000166893005
        ],
        "Damage": 1.0,
        "DrawDebugControlPoints": false,
        "KnockBackSpeed": [
            0.0,
            0.0,
            2.0
        ],
        "MoveSpeed": [
            0.0,
            0.0,
            2.5
        ],
        "NextAttackDelay": 0.3499999940395355,
        "PointCount": 13,
        "PostDelay": 0.07999999821186066,
        "PreDelay": 0.07999999821186066,
        "TotalDuration": 0.75
    }
}
