{
    "AttackComboA1": {
        "AttackDuration": 0.15000000596046448,
        "ControlPoint_0": [
            -0.75,
            1.0,
            0.10000000149011612
        ],
        "ControlPoint_1": [
            -0.25,
            1.5,
            0.0
        ],
        "ControlPoint_2": [
            0.0,
            1.600000023841858,
            1.0
        ],
        "ControlPoint_3": [
            0.25,
            0.5600000023841858,
            1.5
        ],
        "ControlPoint_4": [
            0.5,
            -1.5700000524520874,
            1.0
        ],
        "ControlPoint_5": [
            0.75,
            -3.0,
            0.0
        ],
        "Damage": 1.0,
        "DrawDebugControlPoints": false,
        "KnockBackSpeed": [
            0.0,
            1.0,
            1.5
        ],
        "MoveSpeed": [
            0.0,
            0.0,
            1.0
        ],
        "NextAttackDelay": 0.6000000238418579,
        "PointCount": 6,
        "PostDelay": 0.07999999821186066,
        "PreDelay": 0.07999999821186066,
        "TotalDuration": 0.6000000238418579
    }
}
