{
    "AttackAerialRave1": {
        "AttackDuration": 0.14000000059604645,
        "ControlPoint_0": [
            1.0,
            -0.5,
            0.0
        ],
        "ControlPoint_1": [
            1.0,
            -0.5,
            0.0
        ],
        "ControlPoint_2": [
            0.800000011920929,
            -0.20000000298023224,
            0.5
        ],
        "ControlPoint_3": [
            0.0,
            0.0,
            1.100000023841858
        ],
        "ControlPoint_4": [
            -0.800000011920929,
            0.30000001192092896,
            0.5
        ],
        "ControlPoint_5": [
            -1.0,
            0.5,
            -0.15000000596046448
        ],
        "Damage": 0.0,
        "DrawDebugControlPoints": false,
        "KnockBackSpeed": [
            0.0,
            0.44999998807907104,
            0.0
        ],
        "MoveSpeed": [
            0.0,
            0.6000000238418579,
            0.0
        ],
        "NextAttackDelay": 0.6000000238418579,
        "PointCount": 6,
        "PostDelay": 0.03999999910593033,
        "PreDelay": 0.029999999329447746,
        "TotalDuration": 0.699999988079071
    }
}
