{
    "Dust": {
        "maxAlpha": 1.0,
        "maxColor": [
            1.0,
            1.0,
            1.0
        ],
        "maxLifeTime": 0.800000011920929,
        "maxRotate": [
            0.0,
            0.0,
            0.0
        ],
        "maxScale": 1.100000023841858,
        "maxTranslate": [
            0.30000001192092896,
            -0.5,
            0.30000001192092896
        ],
        "maxVelocity": [
            0.25,
            0.25,
            0.25
        ],
        "minAlpha": 1.0,
        "minColor": [
            0.8999999761581421,
            0.8999999761581421,
            0.8999999761581421
        ],
        "minLifeTime": 0.75,
        "minRotate": [
            0.0,
            0.0,
            0.0
        ],
        "minScale": 0.75,
        "minTranslate": [
            -0.30000001192092896,
            -0.75,
            -0.30000001192092896
        ],
        "minVelocity": [
            -0.25,
            -0.25,
            -0.25
        ]
    }
}
