{
    "fifthAttack": {
        "KnockBack": [
            15.0,
            -5.0,
            0.0
        ],
        "endPos": [
            0.0,
            0.0,
            2.5
        ],
        "endRot": [
            1.559999942779541,
            -1.600000023841858,
            1.559999942779541
        ],
        "midPos": [
            0.0,
            1.5,
            2.5
        ],
        "midRot": [
            1.559999942779541,
            0.0,
            1.559999942779541
        ],
        "playerMove": [
            0.0,
            -0.30000001192092896,
            -0.10000000149011612
        ],
        "startPos": [
            1.0,
            3.0,
            2.0
        ],
        "startRot": [
            1.559999942779541,
            1.399999976158142,
            1.559999942779541
        ],
        "time": 0.44999998807907104
    }
}
