{
    "firstAttack": {
        "KnockBack": [
            7.0,
            1.0,
            0.0
        ],
        "endPos": [
            -0.75,
            0.0,
            2.0
        ],
        "endRot": [
            1.559999942779541,
            0.0,
            0.3499999940395355
        ],
        "midPos": [
            0.0,
            1.0,
            2.0
        ],
        "midRot": [
            1.559999942779541,
            0.0,
            1.0
        ],
        "playerMove": [
            0.0,
            0.0,
            0.20000000298023224
        ],
        "startPos": [
            1.25,
            2.5,
            1.5
        ],
        "startRot": [
            1.559999942779541,
            0.0,
            1.559999942779541
        ],
        "time": 0.30000001192092896
    }
}
