{
    "fourthAttack": {
        "KnockBack": [
            0.0,
            8.0,
            0.0
        ],
        "endPos": [
            -0.25,
            2.0,
            3.0
        ],
        "endRot": [
            1.559999942779541,
            1.0,
            1.559999942779541
        ],
        "midPos": [
            0.0,
            1.5,
            2.0
        ],
        "midRot": [
            1.559999942779541,
            0.0,
            1.559999942779541
        ],
        "playerMove": [
            0.0,
            0.20000000298023224,
            0.0
        ],
        "startPos": [
            0.5,
            0.5,
            1.5
        ],
        "startRot": [
            1.559999942779541,
            -1.0,
            1.559999942779541
        ],
        "time": 0.5
    }
}
