{
    "sceneChangeParticle": {
        "maxAlpha": 1.0,
        "maxColor": [
            1.0,
            1.0,
            1.0
        ],
        "maxLifeTime": 3.0,
        "maxRotate": [
            0.0,
            0.0,
            0.0
        ],
        "maxScale": 0.75,
        "maxTranslate": [
            30.0,
            10.0,
            0.0
        ],
        "maxVelocity": [
            -5.0,
            -5.0,
            0.5
        ],
        "minAlpha": 0.0,
        "minColor": [
            0.800000011920929,
            0.800000011920929,
            0.800000011920929
        ],
        "minLifeTime": 1.0,
        "minRotate": [
            0.0,
            0.0,
            0.0
        ],
        "minScale": 0.25,
        "minTranslate": [
            -10.0,
            5.0,
            -10.0
        ],
        "minVelocity": [
            -10.0,
            -10.0,
            -0.5
        ]
    }
}
