{
    "secondAttack": {
        "KnockBack": [
            7.0,
            0.0,
            0.0
        ],
        "endPos": [
            -1.0,
            1.2999999523162842,
            3.0
        ],
        "endRot": [
            1.559999942779541,
            0.0,
            3.0
        ],
        "midPos": [
            0.0,
            1.0,
            3.0
        ],
        "midRot": [
            1.559999942779541,
            0.0,
            2.4000000953674316
        ],
        "playerMove": [
            0.0,
            0.0,
            0.15000000596046448
        ],
        "startPos": [
            1.0,
            -0.5,
            3.0
        ],
        "startRot": [
            1.559999942779541,
            0.0,
            2.4000000953674316
        ],
        "time": 0.2800000011920929
    }
}
