{
    "sixthAttack": {
        "KnockBack": [
            20.0,
            3.0,
            0.0
        ],
        "endPos": [
            0.0,
            0.5,
            5.0
        ],
        "endRot": [
            1.559999942779541,
            0.0,
            1.559999942779541
        ],
        "midPos": [
            0.5,
            0.5,
            4.0
        ],
        "midRot": [
            1.559999942779541,
            0.0,
            1.559999942779541
        ],
        "playerMove": [
            0.0,
            0.0,
            1.5
        ],
        "startPos": [
            1.0,
            0.5,
            0.0
        ],
        "startRot": [
            1.559999942779541,
            0.0,
            1.559999942779541
        ],
        "time": 0.23999999463558197
    }
}
