{
    "smork": {
        "Count": 75,
        "EmitAll": false,
        "EmitPosition": [
            0.0,
            0.0,
            5.0
        ],
        "Frequency": 0.3400000035762787,
        "IsActive": false,
        "IsBillboard": false,
        "maxAlpha": 1.0,
        "maxColor": [
            0.25,
            0.25,
            0.25
        ],
        "maxLifeTime": 0.800000011920929,
        "maxRotate": [
            0.0,
            0.0,
            0.0
        ],
        "maxScale": [
            3.0,
            3.0,
            3.0
        ],
        "maxTranslate": [
            3.0,
            3.0,
            3.0
        ],
        "maxVelocity": [
            0.0,
            0.0,
            0.0
        ],
        "minAlpha": 0.0,
        "minColor": [
            0.15000000596046448,
            0.15000000596046448,
            0.15000000596046448
        ],
        "minLifeTime": 0.5,
        "minRotate": [
            0.0,
            0.0,
            0.0
        ],
        "minScale": [
            0.0,
            0.0,
            0.0
        ],
        "minTranslate": [
            -3.0,
            -3.0,
            -3.0
        ],
        "minVelocity": [
            0.0,
            0.0,
            0.0
        ]
    }
}
