{
    "snow": {
        "maxAlpha": 1.0,
        "maxColor": [
            1.0,
            1.0,
            1.0
        ],
        "maxLifeTime": 3.0,
        "maxRotate": [
            0.0,
            0.0,
            0.0
        ],
        "maxScale": 0.30000001192092896,
        "maxTranslate": [
            15.0,
            20.0,
            15.0
        ],
        "maxVelocity": [
            0.5,
            -0.5,
            0.5
        ],
        "minAlpha": 1.0,
        "minColor": [
            0.800000011920929,
            0.800000011920929,
            0.800000011920929
        ],
        "minLifeTime": 1.0,
        "minRotate": [
            0.0,
            0.0,
            0.0
        ],
        "minScale": 0.07500000298023224,
        "minTranslate": [
            -15.0,
            15.0,
            -15.0
        ],
        "minVelocity": [
            -0.5,
            -1.0,
            -0.5
        ]
    }
}
