{
    "thirdAttack": {
        "KnockBack": [
            10.0,
            0.0,
            0.0
        ],
        "endPos": [
            0.0,
            1.5,
            2.5
        ],
        "endRot": [
            1.559999942779541,
            0.0,
            1.559999942779541
        ],
        "midPos": [
            0.0,
            1.2000000476837158,
            2.0
        ],
        "midRot": [
            1.559999942779541,
            0.0,
            1.559999942779541
        ],
        "playerMove": [
            0.0,
            0.0,
            0.5
        ],
        "startPos": [
            0.0,
            1.0,
            1.5
        ],
        "startRot": [
            1.559999942779541,
            0.0,
            1.559999942779541
        ],
        "time": 0.25
    }
}
